Ticker,Last Day Volume,10-Day Avg Volume,30-Day Avg Volume,3-Month Avg Volume
NUE,2011200,1852280.0,1652790.0,1552073.8461538462
VLO,2684600,2985290.0,2831470.0,2775413.846153846
ARCH,379100,450400.0,365930.0,315616.92307692306
COP,8473100,6881430.0,5668570.0,6119252.307692308
AMR,448700,212100.0,200516.66666666666,194560.0
BXC,134000,143200.0,120920.0,102329.23076923077
SU,4913000,3320090.0,3628070.0,4737976.923076923
CVX,13022800,8288840.0,7119906.666666667,7184456.923076923
LTHM.CN,422900,98137.1,135692.06666666668,164972.26153846155
MHO,403300,332150.0,259403.33333333334,248875.38461538462
XOM,18021800,14441160.0,14035390.0,16418753.846153846
HLIT,1487800,2165480.0,1467096.6666666667,1240960.0
SMCI,7046700,5639940.0,6264326.666666667,6194083.076923077
DINO,1914700,1892580.0,1772010.0,1779313.8461538462
MOD,1256100,1257150.0,964453.3333333334,929304.6153846154
MPC,2702300,2132930.0,2295990.0,2474238.4615384615
TEX,1879800,1634070.0,1284523.3333333333,968347.6923076923
JXN,1812900,855670.0,704373.3333333334,690303.0769230769
URI,835900,825180.0,655026.6666666666,588664.6153846154
ASC,999500,762870.0,687860.0,766896.9230769231
PERI,711400,691380.0,612680.0,804578.4615384615
TGLS,363100,323360.0,549220.0,464603.07692307694
ACLS,932300,935670.0,726326.6666666666,615907.6923076923
CAAP,208800,157550.0,132483.33333333334,149755.38461538462
POWL,575800,593250.0,450756.6666666667,396666.1538461539
UBER,32007100,19495570.0,16297960.0,17972450.769230768
CRM,6897100,5501510.0,6164593.333333333,8248847.692307692
AMPH,474000,411190.0,408113.3333333333,375621.53846153844
GRBK,553500,577140.0,500690.0,507086.1538461539
STRL,819500,420790.0,378103.3333333333,382429.23076923075
META,21343700,19505540.0,15765686.666666666,13870118.461538462
GOOGL,53570100,34434100.0,24757933.333333332,24667135.384615384
TMUS,6516700,5035780.0,4320860.0,5070761.538461538
ANF,2258000,1567530.0,1825973.3333333333,1767470.7692307692
CLS,3459700,3690400.0,2506583.3333333335,2405586.153846154
MFC,2201300,2035340.0,1883826.6666666667,2437410.769230769
APP,3560200,2885650.0,3218363.3333333335,4095063.076923077
CMCSA,21390400,23840890.0,21027473.333333332,20379478.46153846
MHO,403300,332150.0,259403.33333333334,248875.38461538462
MOD,1256100,1257150.0,964453.3333333334,929304.6153846154
PEP,7502300,5697430.0,5623720.0,5232332.307692308
TWLO,3530300,3044770.0,2274713.3333333335,2566833.846153846
OKTA,2254800,1392300.0,1527216.6666666667,1736192.3076923077
CAH,2318600,1818780.0,1943383.3333333333,2017476.923076923
RCL,4038100,3700590.0,2605266.6666666665,2272929.230769231
SMCI,7046700,5639940.0,6264326.666666667,6194083.076923077
EAT,2672200,1612540.0,1666996.6666666667,1550767.6923076923
GCT,1801800,991970.0,1264460.0,1894967.6923076923
GM,23745700,20805140.0,16241720.0,14407243.076923076
BLBD,958200,508040.0,622130.0,638335.3846153846
SKYW,533500,514310.0,380966.6666666667,383826.1538461539
SFM,2055400,2329510.0,1521116.6666666667,1447049.2307692308
BRK-B,7680600,3756820.0,3925576.6666666665,3686990.769230769
