Date,Close_Stock,Close_Market,Stock_Return_1d,Stock_Return_30d,Stock_Return_1y,CAGR,Max_Drawdown,Market_Return,Beta,Alpha,Sharpe_Ratio
2023-01-03,23.600000381469727,3824.139892578125,,,,2.7326908986737926,-0.30144000244140623,,1.1492234892103521,0.004666745833146408,0.1635161406136244
2023-01-04,25.209999084472656,3852.969970703125,0.0682202829228371,,,2.7326908986737926,-0.30144000244140623,0.007538970575044379,1.1492234892103521,0.004666745833146408,0.1635161406136244
2023-01-05,24.739999771118164,3808.10009765625,-0.018643368918008996,,,2.7326908986737926,-0.30144000244140623,-0.011645528874622113,1.1492234892103521,0.004666745833146408,0.1635161406136244
2023-01-06,25.200000762939453,3895.080078125,0.01859341132081571,,,2.7326908986737926,-0.30144000244140623,0.02284078102943865,1.1492234892103521,0.004666745833146408,0.1635161406136244
2023-01-09,27.399999618530273,3892.090087890625,0.08730153924543771,,,2.7326908986737926,-0.30144000244140623,-0.0007676325452631305,1.1492234892103521,0.004666745833146408,0.1635161406136244
2023-01-10,27.799999237060547,3919.25,0.01459852642697701,,,2.7326908986737926,-0.30144000244140623,0.006978233159061986,1.1492234892103521,0.004666745833146408,0.1635161406136244
2023-01-11,27.229999542236328,3969.610107421875,-0.02050358670745378,,,2.7326908986737926,-0.30144000244140623,0.012849424614881588,1.1492234892103521,0.004666745833146408,0.1635161406136244
2023-01-12,26.90999984741211,3983.169921875,-0.011751733389780972,,,2.7326908986737926,-0.30144000244140623,0.0034159058663651987,1.1492234892103521,0.004666745833146408,0.1635161406136244
2023-01-13,27.979999542236328,3999.090087890625,0.03976215908180758,,,2.7326908986737926,-0.30144000244140623,0.003996858363534361,1.1492234892103521,0.004666745833146408,0.1635161406136244
2023-01-17,27.110000610351562,3990.969970703125,-0.031093600647544184,,,2.7326908986737926,-0.30144000244140623,-0.0020304911890052235,1.1492234892103521,0.004666745833146408,0.1635161406136244
2023-01-18,27.1299991607666,3928.860107421875,0.000737681665982759,,,2.7326908986737926,-0.30144000244140623,-0.015562598500411085,1.1492234892103521,0.004666745833146408,0.1635161406136244
2023-01-19,27.059999465942383,3898.85009765625,-0.0025801583851667864,,,2.7326908986737926,-0.30144000244140623,-0.007638350296294338,1.1492234892103521,0.004666745833146408,0.1635161406136244
2023-01-20,27.790000915527344,3972.610107421875,0.026977142054409153,,,2.7326908986737926,-0.30144000244140623,0.018918401045981525,1.1492234892103521,0.004666745833146408,0.1635161406136244
2023-01-23,28.860000610351562,4019.81005859375,0.03850304640423263,,,2.7326908986737926,-0.30144000244140623,0.01188134498366522,1.1492234892103521,0.004666745833146408,0.1635161406136244
2023-01-24,28.09000015258789,4016.949951171875,-0.026680541977794903,,,2.7326908986737926,-0.30144000244140623,-0.0007115031258156934,1.1492234892103521,0.004666745833146408,0.1635161406136244
2023-01-25,27.989999771118164,4016.219970703125,-0.0035599993209866065,,,2.7326908986737926,-0.30144000244140623,-0.0001817250594663422,1.1492234892103521,0.004666745833146408,0.1635161406136244
2023-01-26,27.84000015258789,4060.429931640625,-0.0053590432210383065,,,2.7326908986737926,-0.30144000244140623,0.011007853469181317,1.1492234892103521,0.004666745833146408,0.1635161406136244
2023-01-27,27.309999465942383,4070.56005859375,-0.01903738088148832,,,2.7326908986737926,-0.30144000244140623,0.002494840970949097,1.1492234892103521,0.004666745833146408,0.1635161406136244
2023-01-30,27.59000015258789,4017.77001953125,0.010252680048371543,,,2.7326908986737926,-0.30144000244140623,-0.012968740984683369,1.1492234892103521,0.004666745833146408,0.1635161406136244
2023-01-31,28.959999084472656,4076.60009765625,0.04965563335657541,,,2.7326908986737926,-0.30144000244140623,0.014642470285510134,1.1492234892103521,0.004666745833146408,0.1635161406136244
2023-02-01,29.229999542236328,4119.2099609375,0.009323220521385789,,,2.7326908986737926,-0.30144000244140623,0.010452303944590291,1.1492234892103521,0.004666745833146408,0.1635161406136244
2023-02-02,29.8700008392334,4179.759765625,0.021895357749571298,,,2.7326908986737926,-0.30144000244140623,0.014699373244309921,1.1492234892103521,0.004666745833146408,0.1635161406136244
2023-02-03,30.06999969482422,4136.47998046875,0.006695642784453115,,,2.7326908986737926,-0.30144000244140623,-0.010354610691310495,1.1492234892103521,0.004666745833146408,0.1635161406136244
2023-02-06,30.510000228881836,4111.080078125,0.014632542019392014,,,2.7326908986737926,-0.30144000244140623,-0.006140463017754394,1.1492234892103521,0.004666745833146408,0.1635161406136244
2023-02-07,31.25,4164.0,0.024254335154598072,,,2.7326908986737926,-0.30144000244140623,0.01287251059802652,1.1492234892103521,0.004666745833146408,0.1635161406136244
2023-02-08,30.100000381469727,4117.85986328125,-0.03679998779296878,,,2.7326908986737926,-0.30144000244140623,-0.011080724476164705,1.1492234892103521,0.004666745833146408,0.1635161406136244
2023-02-09,30.40999984741211,4081.5,0.010298985448957909,,,2.7326908986737926,-0.30144000244140623,-0.00882979617773516,1.1492234892103521,0.004666745833146408,0.1635161406136244
2023-02-10,30.489999771118164,4090.4599609375,0.002630711085414905,,,2.7326908986737926,-0.30144000244140623,0.0021952617756952897,1.1492234892103521,0.004666745833146408,0.1635161406136244
2023-02-13,31.049999237060547,4137.2900390625,0.018366660221258657,,,2.7326908986737926,-0.30144000244140623,0.011448609342766147,1.1492234892103521,0.004666745833146408,0.1635161406136244
2023-02-14,31.010000228881836,4136.1298828125,-0.0012882128554441152,,,2.7326908986737926,-0.30144000244140623,-0.0002804145319874607,1.1492234892103521,0.004666745833146408,0.1635161406136244
2023-02-15,30.799999237060547,4147.60009765625,-0.006772040963279324,0.30508469233941726,,2.7326908986737926,-0.30144000244140623,0.002773175690496066,1.1492234892103521,0.004666745833146408,0.1635161406136244
2023-02-16,30.09000015258789,4090.409912109375,-0.02305191889804792,0.19357402797848278,,2.7326908986737926,-0.30144000244140623,-0.013788741489130674,1.1492234892103521,0.004666745833146408,0.1635161406136244
2023-02-17,31.190000534057617,4079.090087890625,0.03655700817187002,0.260711431795132,,2.7326908986737926,-0.30144000244140623,-0.002767405825327751,1.1492234892103521,0.004666745833146408,0.1635161406136244
2023-02-21,28.899999618530273,3997.340087890625,-0.07342099635512345,0.14682534696714167,,2.7326908986737926,-0.30144000244140623,-0.020041234255327334,1.1492234892103521,0.004666745833146408,0.1635161406136244
2023-02-22,29.309999465942383,3991.050048828125,0.014186846118476204,0.06970802459867187,,2.7326908986737926,-0.30144000244140623,-0.0015735561458868341,1.1492234892103521,0.004666745833146408,0.1635161406136244
2023-02-23,28.959999084472656,4012.320068359375,-0.011941330189255694,0.04172661436140257,,2.7326908986737926,-0.30144000244140623,0.005329429416074394,1.1492234892103521,0.004666745833146408,0.1635161406136244
2023-02-24,28.989999771118164,3970.0400390625,0.0010359353450943853,0.06463460368965146,,2.7326908986737926,-0.30144000244140623,-0.010537551485558128,1.1492234892103521,0.004666745833146408,0.1635161406136244
2023-02-27,28.729999542236328,3982.239990234375,-0.008968617831479508,0.06763283928443586,,2.7326908986737926,-0.30144000244140623,0.0030730045671669703,1.1492234892103521,0.004666745833146408,0.1635161406136244
2023-02-28,29.40999984741211,3970.14990234375,0.023668650052573348,0.05110794598181356,,2.7326908986737926,-0.30144000244140623,-0.0030360018281855305,1.1492234892103521,0.004666745833146408,0.1635161406136244
2023-03-01,29.229999542236328,3951.389892578125,-0.006120377630386864,0.07819988506659326,,2.7326908986737926,-0.30144000244140623,-0.004725264845680033,1.1492234892103521,0.004666745833146408,0.1635161406136244
2023-03-02,28.34000015258789,3981.35009765625,-0.03044814928451911,0.04460011165688149,,2.7326908986737926,-0.30144000244140623,0.0075821940867943916,1.1492234892103521,0.004666745833146408,0.1635161406136244
2023-03-03,28.520000457763672,4045.639892578125,0.006351457452598019,0.053954213622910085,,2.7326908986737926,-0.30144000244140623,0.0161477371607488,1.1492234892103521,0.004666745833146408,0.1635161406136244
2023-03-06,27.729999542236328,4048.419921875,-0.027699891404184385,-0.0021590993635948186,,2.7326908986737926,-0.30144000244140623,0.0006871667698291617,1.1492234892103521,0.004666745833146408,0.1635161406136244
2023-03-07,28.360000610351562,3986.3701171875,0.02271911570556151,-0.017325016958615658,,2.7326908986737926,-0.30144000244140623,-0.015326919115337678,1.1492234892103521,0.004666745833146408,0.1635161406136244
2023-03-08,27.68000030517578,3992.010009765625,-0.023977443248981323,-0.014595936104839669,,2.7326908986737926,-0.30144000244140623,0.0014147940136839399,1.1492234892103521,0.004666745833146408,0.1635161406136244
2023-03-09,27.030000686645508,3918.320068359375,-0.023482644919217477,-0.03429793112979029,,2.7326908986737926,-0.30144000244140623,-0.01845935787384867,1.1492234892103521,0.004666745833146408,0.1635161406136244
2023-03-10,26.969999313354492,3861.590087890625,-0.002219806576647998,-0.031250029973599935,,2.7326908986737926,-0.30144000244140623,-0.01447813845705137,1.1492234892103521,0.004666745833146408,0.1635161406136244
2023-03-13,25.6200008392334,3855.760009765625,-0.05005556205011197,-0.061882045395736385,,2.7326908986737926,-0.30144000244140623,-0.001509761003189447,1.1492234892103521,0.004666745833146408,0.1635161406136244
2023-03-14,26.790000915527344,3919.2900390625,0.04566744878877027,-0.028995985235089172,,2.7326908986737926,-0.30144000244140623,0.016476655480623936,1.1492234892103521,0.004666745833146408,0.1635161406136244
2023-03-15,26.600000381469727,3891.929931640625,-0.007092218274150741,-0.08149167049760986,,2.7326908986737926,-0.30144000244140623,-0.00698088356543769,1.1492234892103521,0.004666745833146408,0.1635161406136244
2023-03-16,26.610000610351562,3960.280029296875,0.00037594844881283507,-0.08963390259719162,,2.7326908986737926,-0.30144000244140623,0.017562006217166637,1.1492234892103521,0.004666745833146408,0.1635161406136244
2023-03-17,25.959999084472656,3916.639892578125,-0.02442696395978472,-0.1309006242016929,,2.7326908986737926,-0.30144000244140623,-0.011019457310067593,1.1492234892103521,0.004666745833146408,0.1635161406136244
2023-03-20,26.059999465942383,3951.570068359375,0.003852094953637364,-0.13335551278944824,,2.7326908986737926,-0.30144000244140623,0.008918403718310097,1.1492234892103521,0.004666745833146408,0.1635161406136244
2023-03-21,25.829999923706055,4002.8701171875,-0.008825769261312288,-0.15339233923523632,,2.7326908986737926,-0.30144000244140623,0.012982193897784988,1.1492234892103521,0.004666745833146408,0.1635161406136244
2023-03-22,25.309999465942383,3936.969970703125,-0.02013164766936104,-0.1900800170898438,,2.7326908986737926,-0.30144000244140623,-0.01646322377571363,1.1492234892103521,0.004666745833146408,0.1635161406136244
2023-03-23,24.6200008392334,3948.719970703125,-0.027261898114121275,-0.1820597831490376,,2.7326908986737926,-0.30144000244140623,0.0029845287333754023,1.1492234892103521,0.004666745833146408,0.1635161406136244
2023-03-24,24.6200008392334,3970.989990234375,0.0,-0.1903978637695205,,2.7326908986737926,-0.30144000244140623,0.005639807253104534,1.1492234892103521,0.004666745833146408,0.1635161406136244
2023-03-27,25.200000762939453,3977.530029296875,0.02355807895756823,-0.17349947680844835,,2.7326908986737926,-0.30144000244140623,0.0016469543057482383,1.1492234892103521,0.004666745833146408,0.1635161406136244
2023-03-28,25.729999542236328,3971.27001953125,0.021031696954403323,-0.171336548326687,,2.7326908986737926,-0.30144000244140623,-0.0015738434957162095,1.1492234892103521,0.004666745833146408,0.1635161406136244
2023-03-29,26.15999984741211,4027.81005859375,0.016712021485656425,-0.15640117206295834,,2.7326908986737926,-0.30144000244140623,0.014237268879836451,1.1492234892103521,0.004666745833146408,0.1635161406136244
2023-03-30,26.75,4050.830078125,0.02255352278399414,-0.13149348497993874,,2.7326908986737926,-0.30144000244140623,0.005715269388667954,1.1492234892103521,0.004666745833146408,0.1635161406136244
2023-03-31,27.75,4109.31005859375,0.03738317757009346,-0.07776670457699009,,2.7326908986737926,-0.30144000244140623,0.014436542471763847,1.1492234892103521,0.004666745833146408,0.1635161406136244
2023-04-03,27.899999618530273,4124.509765625,0.005405391658748648,-0.10548255399787054,,2.7326908986737926,-0.30144000244140623,0.0036988464765423945,1.1492234892103521,0.004666745833146408,0.1635161406136244
2023-04-04,27.549999237060547,4100.60009765625,-0.012544816711655749,-0.04671281658440318,,2.7326908986737926,-0.30144000244140623,-0.005796972083329965,1.1492234892103521,0.004666745833146408,0.1635161406136244
2023-04-05,26.600000381469727,4090.3798828125,-0.034482718036263016,-0.09245988174177966,,2.7326908986737926,-0.30144000244140623,-0.002492370531228194,1.1492234892103521,0.004666745833146408,0.1635161406136244
2023-04-06,26.34000015258789,4105.02001953125,-0.009774444554630835,-0.09046957923729759,,2.7326908986737926,-0.30144000244140623,0.0035791630944272956,1.1492234892103521,0.004666745833146408,0.1635161406136244
2023-04-10,27.280000686645508,4109.10986328125,0.03568718787441849,-0.058985826077041725,,2.7326908986737926,-0.30144000244140623,0.0009963029974375814,1.1492234892103521,0.004666745833146408,0.1635161406136244
2023-04-11,27.43000030517578,4108.93994140625,0.005498519602446406,-0.04524884294374598,,2.7326908986737926,-0.30144000244140623,-4.1352477946232646e-05,1.1492234892103521,0.004666745833146408,0.1635161406136244
2023-04-12,25.600000381469727,4091.949951171875,-0.06671527172242686,-0.12954775537945606,,2.7326908986737926,-0.30144000244140623,-0.004134884052006904,1.1492234892103521,0.004666745833146408,0.1635161406136244
2023-04-13,25.489999771118164,4146.22021484375,-0.004296898777829128,-0.12795072971910226,,2.7326908986737926,-0.30144000244140623,0.01326268999363811,1.1492234892103521,0.004666745833146408,0.1635161406136244
2023-04-14,25.559999465942383,4137.64013671875,0.002746163022862458,-0.09809458968516094,,2.7326908986737926,-0.30144000244140623,-0.0020693734728036706,1.1492234892103521,0.004666745833146408,0.1635161406136244
2023-04-17,24.889999389648438,4151.31982421875,-0.026212836083455038,-0.1272791377928285,,2.7326908986737926,-0.30144000244140623,0.00330615690296554,1.1492234892103521,0.004666745833146408,0.1635161406136244
2023-04-18,25.149999618530273,4154.8701171875,0.010445971685719257,-0.09304002763420116,,2.7326908986737926,-0.30144000244140623,0.0008552202959737354,1.1492234892103521,0.004666745833146408,0.1635161406136244
2023-04-19,24.670000076293945,4154.52001953125,-0.019085469165680213,-0.13011285100998005,,2.7326908986737926,-0.30144000244140623,-8.42619976980652e-05,1.1492234892103521,0.004666745833146408,0.1635161406136244
2023-04-20,24.350000381469727,4129.7900390625,-0.012971207694957188,-0.12030346412544624,,2.7326908986737926,-0.30144000244140623,-0.00595254815297297,1.1492234892103521,0.004666745833146408,0.1635161406136244
2023-04-21,24.239999771118164,4133.52001953125,-0.004517478793769292,-0.1032186771976582,,2.7326908986737926,-0.30144000244140623,0.0009031888869577287,1.1492234892103521,0.004666745833146408,0.1635161406136244
2023-04-24,24.200000762939453,4137.0400390625,-0.0016501241153628055,-0.10270666002736761,,2.7326908986737926,-0.30144000244140623,0.0008515791660903549,1.1492234892103521,0.004666745833146408,0.1635161406136244
2023-04-25,22.959999084472656,4071.6298828125,-0.05123973716421404,-0.10382520170285581,,2.7326908986737926,-0.30144000244140623,-0.015810858882773227,1.1492234892103521,0.004666745833146408,0.1635161406136244
2023-04-26,23.0,4055.989990234375,0.00174220022310001,-0.1414707273612178,,2.7326908986737926,-0.30144000244140623,-0.003841187197329843,1.1492234892103521,0.004666745833146408,0.1635161406136244
2023-04-27,23.389999389648438,4135.35009765625,0.01695649520210596,-0.12067672728521694,,2.7326908986737926,-0.30144000244140623,0.01956614972249704,1.1492234892103521,0.004666745833146408,0.1635161406136244
2023-04-28,23.540000915527344,4169.47998046875,0.006413062410993042,-0.11537014747868735,,2.7326908986737926,-0.30144000244140623,0.008253202753460531,1.1492234892103521,0.004666745833146408,0.1635161406136244
2023-05-01,23.299999237060547,4167.8701171875,-0.010195482970796643,-0.10246532901471184,,2.7326908986737926,-0.30144000244140623,-0.0003861064902076494,1.1492234892103521,0.004666745833146408,0.1635161406136244
2023-05-02,23.059999465942383,4119.580078125,-0.010300419698573426,-0.11511895861397381,,2.7326908986737926,-0.30144000244140623,-0.011586262936400304,1.1492234892103521,0.004666745833146408,0.1635161406136244
2023-05-03,22.770000457763672,4090.75,-0.012575846266042356,-0.11846687862875294,,2.7326908986737926,-0.30144000244140623,-0.006998305064656485,1.1492234892103521,0.004666745833146408,0.1635161406136244
2023-05-04,21.829999923706055,4061.219970703125,-0.041282411732983304,-0.13749504605557505,,2.7326908986737926,-0.30144000244140623,-0.007218732334382416,1.1492234892103521,0.004666745833146408,0.1635161406136244
2023-05-05,22.719999313354492,4136.25,0.04076955532564863,-0.07717308940343914,,2.7326908986737926,-0.30144000244140623,0.018474751389515376,1.1492234892103521,0.004666745833146408,0.1635161406136244
2023-05-08,23.290000915527344,4138.1201171875,0.025088099445399692,-0.054021116099501665,,2.7326908986737926,-0.30144000244140623,0.0004521286642489297,1.1492234892103521,0.004666745833146408,0.1635161406136244
2023-05-09,23.440000534057617,4119.169921875,0.006440515785049561,-0.06984127680941155,,2.7326908986737926,-0.30144000244140623,-0.004579421277258522,1.1492234892103521,0.004666745833146408,0.1635161406136244
2023-05-10,22.950000762939453,4137.64013671875,-0.02090442661919778,-0.10804503803948573,,2.7326908986737926,-0.30144000244140623,0.004483965263404999,1.1492234892103521,0.004666745833146408,0.1635161406136244
2023-05-11,23.34000015258789,4130.6201171875,0.016993436892526192,-0.10779815410064653,,2.7326908986737926,-0.30144000244140623,-0.0016966239932159066,1.1492234892103521,0.004666745833146408,0.1635161406136244
2023-05-12,23.959999084472656,4124.080078125,0.026563792966214805,-0.10429909964588202,,2.7326908986737926,-0.30144000244140623,-0.0015833068345566526,1.1492234892103521,0.004666745833146408,0.1635161406136244
2023-05-15,24.450000762939453,4136.27978515625,0.02045082208639748,-0.1189188914256053,,2.7326908986737926,-0.30144000244140623,0.0029581644391338813,1.1492234892103521,0.004666745833146408,0.1635161406136244
2023-05-16,23.06999969482422,4109.89990234375,-0.05644175971589327,-0.17311827920234546,,2.7326908986737926,-0.30144000244140623,-0.006377683373153031,1.1492234892103521,0.004666745833146408,0.1635161406136244
2023-05-17,24.229999542236328,4158.77001953125,0.050281745243037745,-0.12050815922920677,,2.7326908986737926,-0.30144000244140623,0.011890829058788244,1.1492234892103521,0.004666745833146408,0.1635161406136244
2023-05-18,24.1299991607666,4198.0498046875,-0.00412713096817896,-0.09285718741657589,,2.7326908986737926,-0.30144000244140623,0.009445048649426635,1.1492234892103521,0.004666745833146408,0.1635161406136244
2023-05-19,22.860000610351562,4191.97998046875,-0.052631520703902535,-0.13211843288066272,,2.7326908986737926,-0.30144000244140623,-0.0014458676054706077,1.1492234892103521,0.004666745833146408,0.1635161406136244
2023-05-22,22.760000228881836,4192.6298828125,-0.0043744697637690955,-0.1656891621698663,,2.7326908986737926,-0.30144000244140623,0.0001550346964389604,1.1492234892103521,0.004666745833146408,0.1635161406136244
2023-05-23,23.010000228881836,4145.580078125,0.010984182666341047,-0.161137441746945,,2.7326908986737926,-0.30144000244140623,-0.011222026747550129,1.1492234892103521,0.004666745833146408,0.1635161406136244
2023-05-24,30.15999984741211,4115.240234375,0.3107344436075099,0.1781249764841053,,2.7326908986737926,-0.30144000244140623,-0.007318600335353365,1.1492234892103521,0.004666745833146408,0.1635161406136244
2023-05-25,28.559999465942383,4151.27978515625,-0.053050410794581504,0.12043937710437835,,2.7326908986737926,-0.30144000244140623,0.008757581265902425,1.1492234892103521,0.004666745833146408,0.1635161406136244
2023-05-26,29.950000762939453,4205.4501953125,0.04866951411027287,0.1717527929860312,,2.7326908986737926,-0.30144000244140623,0.01304908677799732,1.1492234892103521,0.004666745833146408,0.1635161406136244
2023-05-30,31.399999618530273,4205.52001953125,0.048413983928343285,0.26155083923341893,,2.7326908986737926,-0.30144000244140623,1.660326849850513e-05,1.1492234892103521,0.004666745833146408,0.1635161406136244
2023-05-31,31.030000686645508,4179.830078125,-0.011783405617190379,0.23379726271577783,,2.7326908986737926,-0.30144000244140623,-0.006108624209833935,1.1492234892103521,0.004666745833146408,0.1635161406136244
2023-06-01,30.309999465942383,4221.02001953125,-0.023203390421225323,0.22861772890986165,,2.7326908986737926,-0.30144000244140623,0.009854453563032717,1.1492234892103521,0.004666745833146408,0.1635161406136244
2023-06-02,31.799999237060547,4282.3701171875,0.04915868681529978,0.30595477367056834,,2.7326908986737926,-0.30144000244140623,0.014534424705965554,1.1492234892103521,0.004666745833146408,0.1635161406136244
2023-06-05,31.600000381469727,4273.7900390625,-0.00628927233928156,0.3036303910827989,,2.7326908986737926,-0.30144000244140623,-0.0020035816359177394,1.1492234892103521,0.004666745833146408,0.1635161406136244
2023-06-06,32.72999954223633,4283.85009765625,0.035759466681185126,0.3524792772882863,,2.7326908986737926,-0.30144000244140623,0.0023538963079141606,1.1492234892103521,0.004666745833146408,0.1635161406136244
2023-06-07,33.75,4267.52001953125,0.03116408408278204,0.4699477938056358,,2.7326908986737926,-0.30144000244140623,-0.0038120096998572883,1.1492234892103521,0.004666745833146408,0.1635161406136244
2023-06-08,34.95000076293945,4293.93017578125,0.035555578161168944,0.519565250562585,,2.7326908986737926,-0.30144000244140623,0.0061886426142414575,1.1492234892103521,0.004666745833146408,0.1635161406136244
2023-06-09,34.2400016784668,4298.85986328125,-0.020314708697389494,0.46387356015153114,,2.7326908986737926,-0.30144000244140623,0.001148059539441082,1.1492234892103521,0.004666745833146408,0.1635161406136244
2023-06-12,34.38999938964844,4338.93017578125,0.004380774060416481,0.4609175043389344,,2.7326908986737926,-0.30144000244140623,0.009321148810237156,1.1492234892103521,0.004666745833146408,0.1635161406136244
2023-06-13,34.9900016784668,4369.009765625,0.017446999112159522,0.5017168594071175,,2.7326908986737926,-0.30144000244140623,0.006932489951473775,1.1492234892103521,0.004666745833146408,0.1635161406136244
2023-06-14,35.59000015258789,4372.58984375,0.01714771207028365,0.5433651767924466,,2.7326908986737926,-0.30144000244140623,0.0008194255259321714,1.1492234892103521,0.004666745833146408,0.1635161406136244
2023-06-15,36.2400016784668,4425.83984375,0.018263599974490008,0.5915678941548017,,2.7326908986737926,-0.30144000244140623,0.01217813742034668,1.1492234892103521,0.004666745833146408,0.1635161406136244
2023-06-16,36.08000183105469,4409.58984375,-0.004415006622562556,0.6527715051374781,,2.7326908986737926,-0.30144000244140623,-0.0036716195284263176,1.1492234892103521,0.004666745833146408,0.1635161406136244
2023-06-20,36.2400016784668,4388.7099609375,0.004434585346234421,0.5950705446177298,,2.7326908986737926,-0.30144000244140623,-0.0047351076976228645,1.1492234892103521,0.004666745833146408,0.1635161406136244
2023-06-21,36.900001525878906,4365.68994140625,0.018211915475828233,0.5843709779022737,,2.7326908986737926,-0.30144000244140623,-0.005245281583003636,1.1492234892103521,0.004666745833146408,0.1635161406136244
2023-06-22,37.209999084472656,4381.89013671875,0.00840101750067257,0.5874572626569545,,2.7326908986737926,-0.30144000244140623,0.003710798414438443,1.1492234892103521,0.004666745833146408,0.1635161406136244
2023-06-23,36.93000030517578,4348.330078125,-0.007524826288257458,0.6091502866009386,,2.7326908986737926,-0.30144000244140623,-0.007658808766684566,1.1492234892103521,0.004666745833146408,0.1635161406136244
2023-06-26,37.18000030517578,4328.81982421875,0.006769563984134752,0.5929734388220791,,2.7326908986737926,-0.30144000244140623,-0.004486838293256468,1.1492234892103521,0.004666745833146408,0.1635161406136244
2023-06-27,37.470001220703125,4378.41015625,0.007799916975443688,0.5638565380824936,,2.7326908986737926,-0.30144000244140623,0.011455854954693034,1.1492234892103521,0.004666745833146408,0.1635161406136244
2023-06-28,36.70000076293945,4376.85986328125,-0.02054978469918567,0.5010224792535862,,2.7326908986737926,-0.30144000244140623,-0.00035407668843834283,1.1492234892103521,0.004666745833146408,0.1635161406136244
2023-06-29,37.849998474121094,4396.43994140625,0.03133508684672659,0.6406588198877516,,2.7326908986737926,-0.30144000244140623,0.004473544672805918,1.1492234892103521,0.004666745833146408,0.1635161406136244
2023-06-30,37.68000030517578,4450.3798828125,-0.004491365278694648,0.5550970291804667,,2.7326908986737926,-0.30144000244140623,0.012269004495714109,1.1492234892103521,0.004666745833146408,0.1635161406136244
2023-07-03,37.290000915527344,4455.58984375,-0.010350302189219063,0.5453792877107855,,2.7326908986737926,-0.30144000244140623,0.0011706778016009611,1.1492234892103521,0.004666745833146408,0.1635161406136244
2023-07-05,36.119998931884766,4446.81982421875,-0.031375756366779695,0.5800524045274416,,2.7326908986737926,-0.30144000244140623,-0.0019683184132291975,1.1492234892103521,0.004666745833146408,0.1635161406136244
2023-07-06,35.52000045776367,4411.58984375,-0.016611253927570013,0.5606326933463619,,2.7326908986737926,-0.30144000244140623,-0.007922511336500904,1.1492234892103521,0.004666745833146408,0.1635161406136244
2023-07-07,35.540000915527344,4398.9501953125,0.0005630759432972976,0.5445458740551434,,2.7326908986737926,-0.30144000244140623,-0.0028651005386203243,1.1492234892103521,0.004666745833146408,0.1635161406136244
2023-07-10,35.31999969482422,4409.52978515625,-0.006190242403933288,0.17108752896279822,,2.7326908986737926,-0.30144000244140623,0.002405026057131332,1.1492234892103521,0.004666745833146408,0.1635161406136244
2023-07-11,35.79999923706055,4439.259765625,0.013590021132040553,0.25350139728650256,,2.7326908986737926,-0.30144000244140623,0.0067422110558885695,1.1492234892103521,0.004666745833146408,0.1635161406136244
2023-07-12,35.29999923706055,4472.16015625,-0.013966480744569298,0.1786309962549737,,2.7326908986737926,-0.30144000244140623,0.007411233485312474,1.1492234892103521,0.004666745833146408,0.1635161406136244
2023-07-13,33.97999954223633,4510.0400390625,-0.037393759868368126,0.0821656036640046,,2.7326908986737926,-0.30144000244140623,0.008470153458069118,1.1492234892103521,0.004666745833146408,0.1635161406136244
2023-07-14,34.90999984741211,4505.419921875,0.02736904996186995,0.1250402537837021,,2.7326908986737926,-0.30144000244140623,-0.0010244071333035398,1.1492234892103521,0.004666745833146408,0.1635161406136244
2023-07-17,37.41999816894531,4522.7900390625,0.07189912152690181,0.23457600885120544,,2.7326908986737926,-0.30144000244140623,0.0038553825145495324,1.1492234892103521,0.004666745833146408,0.1635161406136244
2023-07-18,37.15999984741211,4554.97998046875,-0.006948111551458469,0.16855348235684486,,2.7326908986737926,-0.30144000244140623,0.007117275205842377,1.1492234892103521,0.004666745833146408,0.1635161406136244
2023-07-19,37.029998779296875,4565.72021484375,-0.0034984141186504836,0.17183539026193517,,2.7326908986737926,-0.30144000244140623,0.002357910335732072,1.1492234892103521,0.004666745833146408,0.1635161406136244
2023-07-20,36.33000183105469,4534.8701171875,-0.018903509892459147,0.10999090556578683,,2.7326908986737926,-0.30144000244140623,-0.006756896218903741,1.1492234892103521,0.004666745833146408,0.1635161406136244
2023-07-21,36.060001373291016,4536.33984375,-0.007431886709482027,0.0684444851345487,,2.7326908986737926,-0.30144000244140623,0.0003240945218980773,1.1492234892103521,0.004666745833146408,0.1635161406136244
2023-07-24,37.209999084472656,4554.64013671875,0.03189122760359697,0.0646637559999621,,2.7326908986737926,-0.30144000244140623,0.004034153877153557,1.1492234892103521,0.004666745833146408,0.1635161406136244
2023-07-25,37.70000076293945,4567.4599609375,0.013168548522519918,0.10105137017702348,,2.7326908986737926,-0.30144000244140623,0.002814673351556163,1.1492234892103521,0.004666745833146408,0.1635161406136244
2023-07-26,38.709999084472656,4566.75,0.02679040586455561,0.12561790553926433,,2.7326908986737926,-0.30144000244140623,-0.00015543889679858758,1.1492234892103521,0.004666745833146408,0.1635161406136244
2023-07-27,38.959999084472656,4537.41015625,0.006458279667081568,0.11346090927594998,,2.7326908986737926,-0.30144000244140623,-0.006424666064487883,1.1492234892103521,0.004666745833146408,0.1635161406136244
2023-07-28,39.97999954223633,4582.22998046875,0.02618071051675641,0.12334923773045348,,2.7326908986737926,-0.30144000244140623,0.009877842794752345,1.1492234892103521,0.004666745833146408,0.1635161406136244
2023-07-31,39.61000061035156,4588.9599609375,-0.009254600703381355,0.09299113619763322,,2.7326908986737926,-0.30144000244140623,0.0014687129405193122,1.1492234892103521,0.004666745833146408,0.1635161406136244
2023-08-01,39.5,4576.72998046875,-0.002777091862069203,0.09478930142408304,,2.7326908986737926,-0.30144000244140623,-0.002665087639215691,1.1492234892103521,0.004666745833146408,0.1635161406136244
2023-08-02,38.91999816894531,4513.39013671875,-0.014683590659612333,0.07395133461240766,,2.7326908986737926,-0.30144000244140623,-0.013839541336347905,1.1492234892103521,0.004666745833146408,0.1635161406136244
2023-08-03,39.0,4501.89013671875,0.0020555456017088414,0.05691052540061037,,2.7326908986737926,-0.30144000244140623,-0.0025479738404268204,1.1492234892103521,0.004666745833146408,0.1635161406136244
2023-08-04,39.22999954223633,4478.02978515625,0.005897424159905906,0.05428649576631139,,2.7326908986737926,-0.30144000244140623,-0.005300074155050516,1.1492234892103521,0.004666745833146408,0.1635161406136244
2023-08-07,39.45000076293945,4518.43994140625,0.005607984279129674,0.06823721735551924,,2.7326908986737926,-0.30144000244140623,0.00902409277936278,1.1492234892103521,0.004666745833146408,0.1635161406136244
2023-08-08,39.65999984741211,4499.3798828125,0.005323170606119199,0.06670251538139693,,2.7326908986737926,-0.30144000244140623,-0.004218283044793103,1.1492234892103521,0.004666745833146408,0.1635161406136244
2023-08-09,39.93000030517578,4467.7099609375,0.006807878436774439,0.06565249544516805,,2.7326908986737926,-0.30144000244140623,-0.007038730380597102,1.1492234892103521,0.004666745833146408,0.1635161406136244
2023-08-10,40.290000915527344,4468.830078125,0.00901579282745213,0.09782016561190798,,2.7326908986737926,-0.30144000244140623,0.00025071394456976925,1.1492234892103521,0.004666745833146408,0.1635161406136244
2023-08-11,39.439998626708984,4464.0498046875,-0.021097102742700047,0.04200793174866324,,2.7326908986737926,-0.30144000244140623,-0.0010696923700230787,1.1492234892103521,0.004666745833146408,0.1635161406136244
2023-08-14,41.36000061035156,4489.72021484375,0.048681593572428294,0.09766455083256176,,2.7326908986737926,-0.30144000244140623,0.005750475751703066,1.1492234892103521,0.004666745833146408,0.1635161406136244
2023-08-15,41.43000030517578,4437.85986328125,0.001692449076190261,0.11102170254773491,,2.7326908986737926,-0.30144000244140623,-0.011550909428841738,1.1492234892103521,0.004666745833146408,0.1635161406136244
2023-08-16,41.959999084472656,4404.330078125,0.012792632763525713,0.16168328696800316,,2.7326908986737926,-0.30144000244140623,-0.007555395210577687,1.1492234892103521,0.004666745833146408,0.1635161406136244
2023-08-17,41.11000061035156,4370.35986328125,-0.02025735206547319,0.1573761283937729,,2.7326908986737926,-0.30144000244140623,-0.007712913029036983,1.1492234892103521,0.004666745833146408,0.1635161406136244
2023-08-18,43.20000076293945,4369.7099609375,0.050839214827489654,0.21553178531476824,,2.7326908986737926,-0.30144000244140623,-0.00014870682600087726,1.1492234892103521,0.004666745833146408,0.1635161406136244
2023-08-21,41.7599983215332,4399.77001953125,-0.033333389258678014,0.18233291852640354,,2.7326908986737926,-0.30144000244140623,0.006879188518795987,1.1492234892103521,0.004666745833146408,0.1635161406136244
2023-08-22,41.16999816894531,4387.5498046875,-0.014128356712209467,0.14999997336105197,,2.7326908986737926,-0.30144000244140623,-0.002777466728829614,1.1492234892103521,0.004666745833146408,0.1635161406136244
2023-08-23,50.86000061035156,4436.009765625,0.23536562721334908,0.4407932495634441,,2.7326908986737926,-0.30144000244140623,0.011044879965972587,1.1492234892103521,0.004666745833146408,0.1635161406136244
2023-08-24,50.459999084472656,4376.31005859375,-0.007864756607916634,0.4849911643392486,,2.7326908986737926,-0.30144000244140623,-0.013457974663146133,1.1492234892103521,0.004666745833146408,0.1635161406136244
2023-08-25,50.15999984741211,4405.7099609375,-0.005945288198644927,0.43683758426399666,,2.7326908986737926,-0.30144000244140623,0.006717966037625089,1.1492234892103521,0.004666745833146408,0.1635161406136244
2023-08-28,49.5099983215332,4433.31005859375,-0.012958563155028413,0.32308927696905476,,2.7326908986737926,-0.30144000244140623,0.006264619755036449,1.1492234892103521,0.004666745833146408,0.1635161406136244
2023-08-29,51.31999969482422,4497.6298828125,0.03655830003338534,0.38105489519796754,,2.7326908986737926,-0.30144000244140623,0.01450830719454621,1.1492234892103521,0.004666745833146408,0.1635161406136244
2023-08-30,52.290000915527344,4514.8701171875,0.018901037148699507,0.41209836995085714,,2.7326908986737926,-0.30144000244140623,0.003833182103508026,1.1492234892103521,0.004666745833146408,0.1635161406136244
2023-08-31,53.75,4507.66015625,0.02792119064658727,0.4794934569492588,,2.7326908986737926,-0.30144000244140623,-0.0015969365120942491,1.1492234892103521,0.004666745833146408,0.1635161406136244
2023-09-01,54.5,4515.77001953125,0.013953488372093092,0.5113698814323162,,2.7326908986737926,-0.30144000244140623,0.0017991292600010311,1.1492234892103521,0.004666745833146408,0.1635161406136244
2023-09-05,54.849998474121094,4496.830078125,0.006421990350845785,0.47406610652160497,,2.7326908986737926,-0.30144000244140623,-0.004194177587506065,1.1492234892103521,0.004666745833146408,0.1635161406136244
2023-09-06,54.97999954223633,4465.47998046875,0.0023701198127938916,0.4583553960105957,,2.7326908986737926,-0.30144000244140623,-0.006971599351452862,1.1492234892103521,0.004666745833146408,0.1635161406136244
2023-09-07,54.61000061035156,4451.14013671875,-0.006729700526834859,0.41074662624460534,,2.7326908986737926,-0.30144000244140623,-0.0032112659361860363,1.1492234892103521,0.004666745833146408,0.1635161406136244
2023-09-08,53.31999969482422,4457.490234375,-0.023622063744910826,0.368583186545163,,2.7326908986737926,-0.30144000244140623,0.0014266227216406246,1.1492234892103521,0.004666745833146408,0.1635161406136244
2023-09-11,53.400001525878906,4487.4599609375,0.0015004094432216064,0.3356678873761667,,2.7326908986737926,-0.30144000244140623,0.006723453106275201,1.1492234892103521,0.004666745833146408,0.1635161406136244
2023-09-12,52.2599983215332,4461.89990234375,-0.021348374003196113,0.3193637343160183,,2.7326908986737926,-0.30144000244140623,-0.005695885604828921,1.1492234892103521,0.004666745833146408,0.1635161406136244
2023-09-13,50.63999938964844,4467.43994140625,-0.030998832451497815,0.2820253010037579,,2.7326908986737926,-0.30144000244140623,0.0012416323054647016,1.1492234892103521,0.004666745833146408,0.1635161406136244
2023-09-14,51.2599983215332,4505.10009765625,0.012243264995210446,0.3170606560417084,,2.7326908986737926,-0.30144000244140623,0.00842991886716793,1.1492234892103521,0.004666745833146408,0.1635161406136244
2023-09-15,52.400001525878906,4450.31982421875,0.022239626251934874,0.34358978271484375,,2.7326908986737926,-0.30144000244140623,-0.012159612938677844,1.1492234892103521,0.004666745833146408,0.1635161406136244
2023-09-18,50.88999938964844,4453.52978515625,-0.028816833821745602,0.29722151372595773,,2.7326908986737926,-0.30144000244140623,0.0007212876971294246,1.1492234892103521,0.004666745833146408,0.1635161406136244
2023-09-19,50.58000183105469,4443.9501953125,-0.0060915221519300955,0.282129299185492,,2.7326908986737926,-0.30144000244140623,-0.002151010615372817,1.1492234892103521,0.004666745833146408,0.1635161406136244
2023-09-20,50.25,4402.2001953125,-0.006524353877189415,0.2670196720456848,,2.7326908986737926,-0.30144000244140623,-0.0093947947580596,1.1492234892103521,0.004666745833146408,0.1635161406136244
2023-09-21,49.31999969482422,4330.0,-0.018507468759717094,0.23516151559936982,,2.7326908986737926,-0.30144000244140623,-0.01640093410321941,1.1492234892103521,0.004666745833146408,0.1635161406136244
2023-09-22,50.630001068115234,4320.06005859375,0.026561260774470075,0.25663936256211306,,2.7326908986737926,-0.30144000244140623,-0.002295598477193961,1.1492234892103521,0.004666745833146408,0.1635161406136244
2023-09-25,51.7599983215332,4337.43994140625,0.022318728611080196,0.31237322829116554,,2.7326908986737926,-0.30144000244140623,0.0040230650909416354,1.1492234892103521,0.004666745833146408,0.1635161406136244
2023-09-26,52.84000015258789,4273.52978515625,0.020865569282783047,0.2775628475054499,,2.7326908986737926,-0.30144000244140623,-0.014734533990868215,1.1492234892103521,0.004666745833146408,0.1635161406136244
2023-09-27,54.560001373291016,4274.509765625,0.03255112066116994,0.3169201296499853,,2.7326908986737926,-0.30144000244140623,0.00022931406074522265,1.1492234892103521,0.004666745833146408,0.1635161406136244
2023-09-28,56.04999923706055,4299.7001953125,0.02730934432305454,0.33579600715010294,,2.7326908986737926,-0.30144000244140623,0.005893173970516585,1.1492234892103521,0.004666745833146408,0.1635161406136244
2023-09-29,56.369998931884766,4288.0498046875,0.005709182857805084,0.37119917526079305,,2.7326908986737926,-0.30144000244140623,-0.002709582086142026,1.1492234892103521,0.004666745833146408,0.1635161406136244
2023-10-02,58.310001373291016,4288.39013671875,0.0344155131837145,0.3497685264698924,,2.7326908986737926,-0.30144000244140623,7.936755559079245e-05,1.1492234892103521,0.004666745833146408,0.1635161406136244
2023-10-03,55.4900016784668,4229.4501953125,-0.04836219565098354,0.3287836185054114,,2.7326908986737926,-0.30144000244140623,-0.013744071674259506,1.1492234892103521,0.004666745833146408,0.1635161406136244
2023-10-04,55.130001068115234,4263.75,-0.006487666236479228,0.3390819412204882,,2.7326908986737926,-0.30144000244140623,0.008109754957160709,1.1492234892103521,0.004666745833146408,0.1635161406136244
2023-10-05,54.540000915527344,4258.18994140625,-0.010701979705368125,0.07235549077887327,,2.7326908986737926,-0.30144000244140623,-0.001304030159777203,1.1492234892103521,0.004666745833146408,0.1635161406136244
2023-10-06,55.0099983215332,4308.5,0.008617480713537296,0.09017041854169694,,2.7326908986737926,-0.30144000244140623,0.011814893014644445,1.1492234892103521,0.004666745833146408,0.1635161406136244
2023-10-09,56.880001068115234,4335.66015625,0.03399387027158007,0.13397131660975936,,2.7326908986737926,-0.30144000244140623,0.00630385429964031,1.1492234892103521,0.004666745833146408,0.1635161406136244
2023-10-10,59.77000045776367,4358.240234375,0.05080870842789875,0.20723091262493787,,2.7326908986737926,-0.30144000244140623,0.005207990781392224,1.1492234892103521,0.004666745833146408,0.1635161406136244
2023-10-11,61.5,4376.9501953125,0.02894427855088999,0.1983632183497941,,2.7326908986737926,-0.30144000244140623,0.00429300817103373,1.1492234892103521,0.004666745833146408,0.1635161406136244
2023-10-12,61.7400016784668,4349.60986328125,0.0039024663165332374,0.1807229029925932,,2.7326908986737926,-0.30144000244140623,-0.00624643434611849,1.1492234892103521,0.004666745833146408,0.1635161406136244
2023-10-13,60.38999938964844,4327.77978515625,-0.021865925690267685,0.12353487236555227,,2.7326908986737926,-0.30144000244140623,-0.005018858888767519,1.1492234892103521,0.004666745833146408,0.1635161406136244
2023-10-16,62.720001220703125,4373.6298828125,0.03858257748971061,0.15082571047161708,,2.7326908986737926,-0.30144000244140623,0.01059436938392988,1.1492234892103521,0.004666745833146408,0.1635161406136244
2023-10-17,62.97999954223633,4373.2001953125,0.0041453813213157,0.14822244839169985,,2.7326908986737926,-0.30144000244140623,-9.824505308242415e-05,1.1492234892103521,0.004666745833146408,0.1635161406136244
2023-10-18,63.2400016784668,4314.60009765625,0.004128328645923496,0.1502364897235955,,2.7326908986737926,-0.30144000244140623,-0.013399820506516447,1.1492234892103521,0.004666745833146408,0.1635161406136244
2023-10-19,60.65999984741211,4278.0,-0.040796991818126016,0.1107855551994581,,2.7326908986737926,-0.30144000244140623,-0.008482848196321058,1.1492234892103521,0.004666745833146408,0.1635161406136244
2023-10-20,60.900001525878906,4224.16015625,0.003956506413955063,0.14216057528954718,,2.7326908986737926,-0.30144000244140623,-0.012585283719027562,1.1492234892103521,0.004666745833146408,0.1635161406136244
2023-10-23,59.970001220703125,4217.0400390625,-0.015270940589066861,0.12303369863463853,,2.7326908986737926,-0.30144000244140623,-0.0016855698941634634,1.1492234892103521,0.004666745833146408,0.1635161406136244
2023-10-24,62.349998474121094,4247.68017578125,0.039686463314533516,0.1930731051790029,,2.7326908986737926,-0.30144000244140623,0.007265792222727274,1.1492234892103521,0.004666745833146408,0.1635161406136244
2023-10-25,61.58000183105469,4186.77001953125,-0.012349585595996415,0.21603480594911995,,2.7326908986737926,-0.30144000244140623,-0.014339628627712542,1.1492234892103521,0.004666745833146408,0.1635161406136244
2023-10-26,59.849998474121094,4137.22998046875,-0.02809359054064131,0.16757706659891602,,2.7326908986737926,-0.30144000244140623,-0.011832519778109618,1.1492234892103521,0.004666745833146408,0.1635161406136244
2023-10-27,58.720001220703125,4117.3701171875,-0.018880489260272526,0.12061067768677347,,2.7326908986737926,-0.30144000244140623,-0.004800280229768528,1.1492234892103521,0.004666745833146408,0.1635161406136244
2023-10-30,59.61000061035156,4166.81982421875,0.015156665039963269,0.17134999656684746,,2.7326908986737926,-0.30144000244140623,0.012010022325859904,1.1492234892103521,0.004666745833146408,0.1635161406136244
2023-10-31,60.81999969482422,4193.7998046875,0.020298592049712738,0.20245151231850023,,2.7326908986737926,-0.30144000244140623,0.006474957307233353,1.1492234892103521,0.004666745833146408,0.1635161406136244
2023-11-01,62.130001068115234,4237.85986328125,0.021538990132591085,0.23641793170378578,,2.7326908986737926,-0.30144000244140623,0.010505999486313922,1.1492234892103521,0.004666745833146408,0.1635161406136244
2023-11-02,63.310001373291016,4317.77978515625,0.018992439801861716,0.28365778112393114,,2.7326908986737926,-0.30144000244140623,0.01885855702012762,1.1492234892103521,0.004666745833146408,0.1635161406136244
2023-11-03,65.5,4358.33984375,0.034591669234000255,0.2936993604222793,,2.7326908986737926,-0.30144000244140623,0.009393730253031363,1.1492234892103521,0.004666745833146408,0.1635161406136244
2023-11-06,66.2699966430664,4365.97998046875,0.011755673939945144,0.28033227959933593,,2.7326908986737926,-0.30144000244140623,0.0017529924220356374,1.1492234892103521,0.004666745833146408,0.1635161406136244
2023-11-07,67.80999755859375,4378.3798828125,0.02323828268502659,0.28330805001469495,,2.7326908986737926,-0.30144000244140623,0.0028401189192852616,1.1492234892103521,0.004666745833146408,0.1635161406136244
2023-11-08,67.91999816894531,4382.77978515625,0.0016221886788376771,0.24486797029654173,,2.7326908986737926,-0.30144000244140623,0.0010049156221052513,1.1492234892103521,0.004666745833146408,0.1635161406136244
2023-11-09,66.75,4347.35009765625,-0.017226121915301595,0.19090099747699107,,2.7326908986737926,-0.30144000244140623,-0.008083839306732843,1.1492234892103521,0.004666745833146408,0.1635161406136244
2023-11-10,66.97000122070312,4415.240234375,0.0032958984375,0.18804332960209869,,2.7326908986737926,-0.30144000244140623,0.015616441094852496,1.1492234892103521,0.004666745833146408,0.1635161406136244
2023-11-13,66.38999938964844,4411.5498046875,-0.008660621479507857,0.13856967631728567,,2.7326908986737926,-0.30144000244140623,-0.0008358389332403515,1.1492234892103521,0.004666745833146408,0.1635161406136244
2023-11-14,68.68000030517578,4495.7001953125,0.03449316066546615,0.2377004546357302,,2.7326908986737926,-0.30144000244140623,0.019075017703661823,1.1492234892103521,0.004666745833146408,0.1635161406136244
2023-11-15,69.80000305175781,4502.8798828125,0.016307553022792076,0.26609834390384335,,2.7326908986737926,-0.30144000244140623,0.0015970120755575135,1.1492234892103521,0.004666745833146408,0.1635161406136244
2023-11-16,68.9800033569336,4508.240234375,-0.011747846117086458,0.2647598496335051,,2.7326908986737926,-0.30144000244140623,0.0011904273935798848,1.1492234892103521,0.004666745833146408,0.1635161406136244
2023-11-17,73.56999969482422,4514.02001953125,0.06654097005678472,0.33739323649508024,,2.7326908986737926,-0.30144000244140623,0.0012820490603360213,1.1492234892103521,0.004666745833146408,0.1635161406136244
2023-11-20,72.29000091552734,4547.3798828125,-0.017398379565127575,0.27092122992329504,,2.7326908986737926,-0.30144000244140623,0.007390278097329839,1.1492234892103521,0.004666745833146408,0.1635161406136244
2023-11-21,74.02999877929688,4538.18994140625,0.02406968933093201,0.23858119813149403,,2.7326908986737926,-0.30144000244140623,-0.0020209310950652926,1.1492234892103521,0.004666745833146408,0.1635161406136244
2023-11-22,72.80999755859375,4556.6201171875,-0.016479822245307196,0.1839023993267277,,2.7326908986737926,-0.30144000244140623,0.00406112922094648,1.1492234892103521,0.004666745833146408,0.1635161406136244
2023-11-24,73.30999755859375,4559.33984375,0.006867188803263202,0.18739869720739333,,2.7326908986737926,-0.30144000244140623,0.0005968736678840791,1.1492234892103521,0.004666745833146408,0.1635161406136244
2023-11-27,76.4000015258789,4550.43017578125,0.042149830448642955,0.2651101556224684,,2.7326908986737926,-0.30144000244140623,-0.001954157460090089,1.1492234892103521,0.004666745833146408,0.1635161406136244
2023-11-28,77.7300033569336,4554.89013671875,0.01740840058235049,0.23931763144283624,,2.7326908986737926,-0.30144000244140623,0.0009801185306033133,1.1492234892103521,0.004666745833146408,0.1635161406136244
2023-11-29,76.12999725341797,4550.580078125,-0.020584150706496773,0.20879640849096615,,2.7326908986737926,-0.30144000244140623,-0.0009462486392383118,1.1492234892103521,0.004666745833146408,0.1635161406136244
2023-11-30,75.88999938964844,4567.7998046875,-0.0031524743521352816,0.200031584051791,,2.7326908986737926,-0.30144000244140623,0.0037840728581564065,1.1492234892103521,0.004666745833146408,0.1635161406136244
2023-12-01,77.87999725341797,4594.6298828125,0.026222135719782047,0.2838773071104863,,2.7326908986737926,-0.30144000244140623,0.005873742123607695,1.1492234892103521,0.004666745833146408,0.1635161406136244
2023-12-04,77.22000122070312,4569.77978515625,-0.008474525629055263,0.26798028384103056,,2.7326908986737926,-0.30144000244140623,-0.005408509126972105,1.1492234892103521,0.004666745833146408,0.1635161406136244
2023-12-05,77.7300033569336,4567.18017578125,0.0066045341643135025,0.2961481036305078,,2.7326908986737926,-0.30144000244140623,-0.0005688697261614362,1.1492234892103521,0.004666745833146408,0.1635161406136244
2023-12-06,77.12999725341797,4549.33984375,-0.007719105591188713,0.23704890362477626,,2.7326908986737926,-0.30144000244140623,-0.003906202808869552,1.1492234892103521,0.004666745833146408,0.1635161406136244
2023-12-07,77.94000244140625,4585.58984375,0.010501817928593171,0.2656706743081201,,2.7326908986737926,-0.30144000244140623,0.007968189065892917,1.1492234892103521,0.004666745833146408,0.1635161406136244
2023-12-08,78.6500015258789,4604.3701171875,0.009109559433314374,0.3141186889066816,,2.7326908986737926,-0.30144000244140623,0.00409549786994079,1.1492234892103521,0.004666745833146408,0.1635161406136244
2023-12-11,81.62999725341797,4622.43994140625,0.03788932828638947,0.39015660007577413,,2.7326908986737926,-0.30144000244140623,0.003924494286698943,1.1492234892103521,0.004666745833146408,0.1635161406136244
2023-12-12,83.5199966430664,4643.7001953125,0.02315324578268685,0.40110712611807564,,2.7326908986737926,-0.30144000244140623,0.00459935752021523,1.1492234892103521,0.004666745833146408,0.1635161406136244
2023-12-13,83.75,4707.08984375,0.002753871721481671,0.3770141469949255,,2.7326908986737926,-0.30144000244140623,0.013650676351045998,1.1492234892103521,0.004666745833146408,0.1635161406136244
2023-12-14,83.81999969482422,4719.5498046875,0.0008358172516325091,0.3491066836282444,,2.7326908986737926,-0.30144000244140623,0.0026470624846992585,1.1492234892103521,0.004666745833146408,0.1635161406136244
2023-12-15,84.16999816894531,4719.18994140625,0.0041755962228033905,0.3294897542752957,,2.7326908986737926,-0.30144000244140623,-7.62494933082003e-05,1.1492234892103521,0.004666745833146408,0.1635161406136244
2023-12-18,86.66999816894531,4740.56005859375,0.02970179463449707,0.3232060789151956,,2.7326908986737926,-0.30144000244140623,0.004528344366900416,1.1492234892103521,0.004666745833146408,0.1635161406136244
2023-12-19,90.95999908447266,4768.3701171875,0.0494981078361727,0.3725668280079728,,2.7326908986737926,-0.30144000244140623,0.005866407818910568,1.1492234892103521,0.004666745833146408,0.1635161406136244
2023-12-20,89.88999938964844,4698.35009765625,-0.011763409252352086,0.3256157296271194,,2.7326908986737926,-0.30144000244140623,-0.014684266911006771,1.1492234892103521,0.004666745833146408,0.1635161406136244
2023-12-21,93.19000244140625,4746.75,0.036711570521356984,0.3720554321807241,,2.7326908986737926,-0.30144000244140623,0.010301467821202559,1.1492234892103521,0.004666745833146408,0.1635161406136244
2023-12-22,92.58000183105469,4754.6298828125,-0.006545773091218732,0.3869663195663624,,2.7326908986737926,-0.30144000244140623,0.0016600585268868873,1.1492234892103521,0.004666745833146408,0.1635161406136244
2023-12-26,91.55999755859375,4774.75,-0.0110175443107281,0.367179272654528,,2.7326908986737926,-0.30144000244140623,0.0042316894655107795,1.1492234892103521,0.004666745833146408,0.1635161406136244
2023-12-27,91.38999938964844,4781.580078125,-0.0018566860362411175,0.37656273881361124,,2.7326908986737926,-0.30144000244140623,0.0014304577464787638,1.1492234892103521,0.004666745833146408,0.1635161406136244
2023-12-28,90.01000213623047,4783.35009765625,-0.015100090410705036,0.3105707882393127,,2.7326908986737926,-0.30144000244140623,0.0003701746080437829,1.1492234892103521,0.004666745833146408,0.1635161406136244
2023-12-29,88.22000122070312,4769.830078125,-0.019886688957280185,0.2638968103667072,,2.7326908986737926,-0.30144000244140623,-0.0028264750133749628,1.1492234892103521,0.004666745833146408,0.1635161406136244
2024-01-02,90.95999908447266,4742.830078125,0.031058692199683602,0.3186430075076203,,2.7326908986737926,-0.30144000244140623,-0.005660579005492328,1.1492234892103521,0.004666745833146408,0.1635161406136244
2024-01-03,88.76000213623047,4704.81005859375,-0.02418642227776513,0.20647006258550915,,2.7326908986737926,-0.30144000244140623,-0.008016314922730805,1.1492234892103521,0.004666745833146408,0.1635161406136244
2024-01-04,92.5,4688.68017578125,0.04213607225954452,0.27956838882999246,2.9194914620691805,2.7326908986737926,-0.30144000244140623,-0.0034283812973570083,1.1492234892103521,0.004666745833146408,0.1635161406136244
2024-01-05,90.54000091552734,4697.240234375,-0.02118917929159625,0.2230177280625274,2.5914321381825336,2.7326908986737926,-0.30144000244140623,0.0018256861788026324,1.1492234892103521,0.004666745833146408,0.1635161406136244
2024-01-08,96.22000122070312,4763.5400390625,0.06273470563000272,0.32152183006557866,2.8892482664058776,2.7326908986737926,-0.30144000244140623,0.014114629309846638,1.1492234892103521,0.004666745833146408,0.1635161406136244
2024-01-09,94.01000213623047,4756.5,-0.022968188073532736,0.282362641754176,2.730555527382638,2.7326908986737926,-0.30144000244140623,-0.0014779006799081618,1.1492234892103521,0.004666745833146408,0.1635161406136244
2024-01-10,96.70999908447266,4783.4501953125,0.028720315784373618,0.2658376590701266,2.529562059521669,2.7326908986737926,-0.30144000244140623,0.00566597189372442,1.1492234892103521,0.004666745833146408,0.1635161406136244
2024-01-11,98.43000030517578,4780.240234375,0.017785143594105213,0.26630639462587546,2.5406475901609897,2.7326908986737926,-0.30144000244140623,-0.0006710555783868699,1.1492234892103521,0.004666745833146408,0.1635161406136244
2024-01-12,96.79000091552734,4783.830078125,-0.01666158066203116,0.2713779641070697,2.554535532231531,2.7326908986737926,-0.30144000244140623,0.0007509755941104146,1.1492234892103521,0.004666745833146408,0.1635161406136244
2024-01-16,98.88999938964844,4765.97998046875,0.021696440275414952,0.3030702356697772,2.6748420643026694,2.7326908986737926,-0.30144000244140623,-0.0037313402367431525,1.1492234892103521,0.004666745833146408,0.1635161406136244
2024-01-17,99.47000122070312,4739.2099609375,0.005865121191571232,0.2772214269221436,2.5550394155850973,2.7326908986737926,-0.30144000244140623,-0.005616897183990499,1.1492234892103521,0.004666745833146408,0.1635161406136244
2024-01-18,97.02999877929688,4780.93994140625,-0.02453003329106629,0.25653972086810306,2.5791219695600955,2.7326908986737926,-0.30144000244140623,0.008805260963896,1.1492234892103521,0.004666745833146408,0.1635161406136244
2024-01-19,101.11000061035156,4839.81005859375,0.04204887027088411,0.3007847194610014,2.7268707607101357,2.7326908986737926,-0.30144000244140623,0.012313502764936146,1.1492234892103521,0.004666745833146408,0.1635161406136244
2024-01-22,104.66999816894531,4850.43017578125,0.03520915376425471,0.35705953450305516,2.8680709621107936,2.7326908986737926,-0.30144000244140623,0.0021943252026270788,1.1492234892103521,0.004666745833146408,0.1635161406136244
2024-01-23,102.61000061035156,4864.60009765625,-0.019680878901600418,0.3165254990528352,2.6923352727570227,2.7326908986737926,-0.30144000244140623,0.002921374261968035,1.1492234892103521,0.004666745833146408,0.1635161406136244
2024-01-24,102.19000244140625,4868.5498046875,-0.004093150438037707,0.2993007051345291,2.5408870505966843,2.7326908986737926,-0.30144000244140623,0.0008119284117831249,1.1492234892103521,0.004666745833146408,0.1635161406136244
2024-01-25,102.45999908447266,4894.16015625,0.002642104282375435,0.25517582423025864,2.6475613573477736,2.7326908986737926,-0.30144000244140623,0.005260365527706368,1.1492234892103521,0.004666745833146408,0.1635161406136244
2024-01-26,103.80000305175781,4890.97021484375,0.013078313285757481,0.24281617844599124,2.708467449108919,2.7326908986737926,-0.30144000244140623,-0.0006517852510764532,1.1492234892103521,0.004666745833146408,0.1635161406136244
2024-01-29,105.05999755859375,4927.93017578125,0.012138675046162284,0.2544477320429104,2.773706788174274,2.7326908986737926,-0.30144000244140623,0.007556774896180896,1.1492234892103521,0.004666745833146408,0.1635161406136244
2024-01-30,105.69000244140625,4924.97021484375,0.005996620002405084,0.2609162828228031,2.8700111500628043,2.7326908986737926,-0.30144000244140623,-0.0006006499345398986,1.1492234892103521,0.004666745833146408,0.1635161406136244
2024-01-31,101.9000015258789,4845.64990234375,-0.03585959719916265,0.21064516743063333,2.6933671968943744,2.7326908986737926,-0.30144000244140623,-0.016105744611597972,1.1492234892103521,0.004666745833146408,0.1635161406136244
2024-02-01,106.58000183105469,4906.18994140625,0.045927382091228264,0.229721980878538,2.6802487983571512,2.7326908986737926,-0.30144000244140623,0.012493688211609788,1.1492234892103521,0.004666745833146408,0.1635161406136244
2024-02-02,109.47000122070312,4958.60986328125,0.027115775379977114,0.20349606774996354,2.745124972120605,2.7326908986737926,-0.30144000244140623,0.01068444607751462,1.1492234892103521,0.004666745833146408,0.1635161406136244
2024-02-05,106.44999694824219,4942.81005859375,-0.027587505606876617,0.18422513818039654,2.563776161948517,2.7326908986737926,-0.30144000244140623,-0.0031863375266721894,1.1492234892103521,0.004666745833146408,0.1635161406136244
2024-02-06,104.08000183105469,4954.22998046875,-0.022263928465304117,0.11685802236667597,2.4612571628648667,2.7326908986737926,-0.30144000244140623,0.0023104108269635937,1.1492234892103521,0.004666745833146408,0.1635161406136244
2024-02-07,103.95999908447266,4995.06005859375,-0.0011529856309651088,0.12292068511928567,2.4074073518380534,2.7326908986737926,-0.30144000244140623,0.008241457963390042,1.1492234892103521,0.004666745833146408,0.1635161406136244
2024-02-08,107.31999969482422,4997.91015625,0.03232012927993,0.17212759454416626,2.434239990234375,2.7326908986737926,-0.30144000244140623,0.0005705832608251526,1.1492234892103521,0.004666745833146408,0.1635161406136244
2024-02-09,110.11000061035156,5026.60986328125,0.02599702686788108,0.2048364300878145,2.6581395088000694,2.7326908986737926,-0.30144000244140623,0.0057423415255595245,1.1492234892103521,0.004666745833146408,0.1635161406136244
2024-02-12,114.94000244140625,5021.83984375,0.0438652420695802,0.27696922245867883,2.7796778368345714,2.7326908986737926,-0.30144000244140623,-0.0009489536011326738,1.1492234892103521,0.004666745833146408,0.1635161406136244
2024-02-13,116.8499984741211,4953.169921875,0.016617330712938916,0.3245295495042364,2.832404045630986,2.7326908986737926,-0.30144000244140623,-0.013674255653625456,1.1492234892103521,0.004666745833146408,0.1635161406136244
2024-02-14,119.25,5000.6201171875,0.02053916608659989,0.3110158443301545,2.840579804513039,2.7326908986737926,-0.30144000244140623,0.009579763275017639,1.1492234892103521,0.004666745833146408,0.1635161406136244
2024-02-15,119.80000305175781,5029.72998046875,0.004612184920401052,0.34970707715719285,2.8632699828289416,2.7326908986737926,-0.30144000244140623,0.005821250684729495,1.1492234892103521,0.004666745833146408,0.1635161406136244
2024-02-16,120.9000015258789,5005.56982421875,0.009181956979131822,0.30702704352301513,2.925324822099483,2.7326908986737926,-0.30144000244140623,-0.0048034698371121065,1.1492234892103521,0.004666745833146408,0.1635161406136244
2024-02-20,116.38999938964844,4975.509765625,-0.037303573856987016,0.2855091474787901,2.8680624393296426,2.7326908986737926,-0.30144000244140623,-0.006005322001165325,1.1492234892103521,0.004666745833146408,0.1635161406136244
2024-02-21,117.25,4981.7998046875,0.007388956223570942,0.21856161413945152,2.759217633612093,2.7326908986737926,-0.30144000244140623,0.001264199922982101,1.1492234892103521,0.004666745833146408,0.1635161406136244
2024-02-22,121.22000122070312,5087.02978515625,0.033859285464419075,0.28943727758927684,3.194463765424362,2.7326908986737926,-0.30144000244140623,0.02112288421741404,1.1492234892103521,0.004666745833146408,0.1635161406136244
2024-02-23,122.81999969482422,5088.7998046875,0.013199129335166537,0.2699824305400462,3.1903787762786733,2.7326908986737926,-0.30144000244140623,0.0003479475462115911,1.1492234892103521,0.004666745833146408,0.1635161406136244
2024-02-26,126.20999908447266,5069.52978515625,0.02760136295450022,0.2822310138490989,3.3580802166579513,2.7326908986737926,-0.30144000244140623,-0.003786751350190576,1.1492234892103521,0.004666745833146408,0.1635161406136244
2024-02-27,125.77999877929688,5078.18017578125,-0.003407022488669753,0.29951438774208006,3.338737487835636,2.7326908986737926,-0.30144000244140623,0.0017063496993998672,1.1492234892103521,0.004666745833146408,0.1635161406136244
2024-02-28,126.0,5069.759765625,0.0017490954272401105,0.2741429950214902,3.3856596591575245,2.7326908986737926,-0.30144000244140623,-0.001658155060430544,1.1492234892103521,0.004666745833146408,0.1635161406136244
2024-02-29,127.76000213623047,5096.27001953125,0.013968270922463999,0.2844073647165013,3.3441007412134525,2.7326908986737926,-0.30144000244140623,0.005229094697149161,1.1492234892103521,0.004666745833146408,0.1635161406136244
2024-03-01,131.3699951171875,5137.080078125,0.028256049785500892,0.3539111282068541,3.49435501794526,2.7326908986737926,-0.30144000244140623,0.00800782894888763,1.1492234892103521,0.004666745833146408,0.1635161406136244
2024-03-04,137.3000030517578,5130.9501953125,0.04513974389114117,0.35792703217233623,3.84474249514851,2.7326908986737926,-0.30144000244140623,-0.0011932620709189656,1.1492234892103521,0.004666745833146408,0.1635161406136244
2024-03-05,139.9499969482422,5078.64990234375,0.019300756282470077,0.3370593235547046,3.90708256318226,2.7326908986737926,-0.30144000244140623,-0.010193100883444606,1.1492234892103521,0.004666745833146408,0.1635161406136244
2024-03-06,134.99000549316406,5104.759765625,-0.03544116872623071,0.3155638309151898,3.868013260784843,2.7326908986737926,-0.30144000244140623,0.005141103203274655,1.1492234892103521,0.004666745833146408,0.1635161406136244
2024-03-07,127.77999877929688,5157.35986328125,-0.05341141136728311,0.2504158501470184,3.5056416089305884,2.7326908986737926,-0.30144000244140623,0.010304127925951478,1.1492234892103521,0.004666745833146408,0.1635161406136244
2024-03-08,118.63999938964844,5123.68994140625,-0.07152918670343045,0.15791528840280633,3.2861270983246476,2.7326908986737926,-0.30144000244140623,-0.0065285190034379825,1.1492234892103521,0.004666745833146408,0.1635161406136244
2024-03-11,116.54000091552734,5117.93994140625,-0.017700594107591727,0.12273600663977802,3.3115056587144416,2.7326908986737926,-0.30144000244140623,-0.001122238087346461,1.1492234892103521,0.004666745833146408,0.1635161406136244
2024-03-12,120.55999755859375,5175.27001953125,0.03449456505479387,0.14753474548060397,3.470152044049076,2.7326908986737926,-0.30144000244140623,0.011201787981366396,1.1492234892103521,0.004666745833146408,0.1635161406136244
2024-03-13,125.97000122070312,5165.31005859375,0.04487395298328578,0.19188190283693052,3.916861713282926,2.7326908986737926,-0.30144000244140623,-0.0019245297153407392,1.1492234892103521,0.004666745833146408,0.1635161406136244
2024-03-14,125.36000061035156,5150.47998046875,-0.004842427597367638,0.2302256990498146,3.6793578322609752,2.7326908986737926,-0.30144000244140623,-0.0028710915621273925,1.1492234892103521,0.004666745833146408,0.1635161406136244
2024-03-15,125.88999938964844,5117.08984375,0.004227814109097228,0.18117843147725776,3.732706676100155,2.7326908986737926,-0.30144000244140623,-0.006482917484461503,1.1492234892103521,0.004666745833146408,0.1635161406136244
2024-03-18,130.82000732421875,5149.419921875,0.039161235669810335,0.1950306555717649,3.9161970809323634,2.7326908986737926,-0.30144000244140623,0.006318059504952345,1.1492234892103521,0.004666745833146408,0.1635161406136244
2024-03-19,131.0800018310547,5178.509765625,0.001987421589050742,0.2313762854759689,4.049306874184638,2.7326908986737926,-0.30144000244140623,0.0056491496501236416,1.1492234892103521,0.004666745833146408,0.1635161406136244
2024-03-20,135.0399932861328,5224.6201171875,0.03021049282698396,0.29746340229060686,4.181887799445874,2.7326908986737926,-0.30144000244140623,0.008904173912846591,1.1492234892103521,0.004666745833146408,0.1635161406136244
2024-03-21,137.4199981689453,5241.52978515625,0.01762444461745183,0.3218545534738293,4.320170289386066,2.7326908986737926,-0.30144000244140623,0.0032365354015160275,1.1492234892103521,0.004666745833146408,0.1635161406136244
2024-03-22,134.97000122070312,5234.18017578125,-0.017828532825550858,0.2576407156588205,4.332674992835196,2.7326908986737926,-0.30144000244140623,-0.0014021878490156903,1.1492234892103521,0.004666745833146408,0.1635161406136244
2024-03-25,121.16999816894531,5218.18994140625,-0.10224496500664637,0.10044498680671143,3.921608206278121,2.7326908986737926,-0.30144000244140623,-0.0030549644525015296,1.1492234892103521,0.004666745833146408,0.1635161406136244
2024-03-26,121.97000122070312,5203.580078125,0.006602319582792893,0.06116233365212076,3.954102236517265,2.7326908986737926,-0.30144000244140623,-0.002799795225030266,1.1492234892103521,0.004666745833146408,0.1635161406136244
2024-03-27,121.36000061035156,5248.490234375,-0.00500123476466785,0.038596510013898744,3.8158728942909574,2.7326908986737926,-0.30144000244140623,0.008630626525532925,1.1492234892103521,0.004666745833146408,0.1635161406136244
2024-03-28,125.33000183105469,5254.35009765625,0.03271260053342906,0.05098534030234547,3.870967899759302,2.7326908986737926,-0.30144000244140623,0.0011164855071790214,1.1492234892103521,0.004666745833146408,0.1635161406136244
2024-04-01,131.83999633789062,5243.77001953125,0.05194282623255231,0.10050077612210995,4.039755241089306,2.7326908986737926,-0.30144000244140623,-0.0020135845401164643,1.1492234892103521,0.004666745833146408,0.1635161406136244
2024-04-02,131.39999389648438,5205.81005859375,-0.003337397251427232,0.08684857103461585,3.9121493045414724,2.7326908986737926,-0.30144000244140623,-0.0072390590731691296,1.1492234892103521,0.004666745833146408,0.1635161406136244
2024-04-03,130.72999572753906,5211.490234375,-0.005098920852866451,0.12320643021814481,3.710990837028435,2.7326908986737926,-0.30144000244140623,0.001091122364688113,1.1492234892103521,0.004666745833146408,0.1635161406136244
2024-04-04,122.95999908447266,5147.2099609375,-0.05943545396620564,0.048699352532815876,3.407168486224875,2.7326908986737926,-0.30144000244140623,-0.012334336350379616,1.1492234892103521,0.004666745833146408,0.1635161406136244
2024-04-05,120.79000091552734,5204.33984375,-0.01764800085477014,-0.003547271909302263,3.384392169167082,2.7326908986737926,-0.30144000244140623,0.011099194174331695,1.1492234892103521,0.004666745833146408,0.1635161406136244
2024-04-08,119.41999816894531,5202.39013671875,-0.011342021162332183,-0.027682800312058498,3.489473550990491,2.7326908986737926,-0.30144000244140623,-0.00037463099831791524,1.1492234892103521,0.004666745833146408,0.1635161406136244
2024-04-09,116.12000274658203,5209.91015625,-0.027633524308840807,-0.0799460931073882,3.408504254893609,2.7326908986737926,-0.30144000244140623,0.0014454931932483817,1.1492234892103521,0.004666745833146408,0.1635161406136244
2024-04-10,114.33000183105469,5160.64013671875,-0.01541509535987362,-0.09103193718687519,3.190982366324614,2.7326908986737926,-0.30144000244140623,-0.009456980649108493,1.1492234892103521,0.004666745833146408,0.1635161406136244
2024-04-11,116.47000122070312,5199.06005859375,0.01871774123480474,-0.07563491094680064,3.2460809305469214,2.7326908986737926,-0.30144000244140623,0.007444797710585593,1.1492234892103521,0.004666745833146408,0.1635161406136244
2024-04-12,111.83000183105469,5123.41015625,-0.039838579385398476,-0.12468691326562142,3.3683593814319464,2.7326908986737926,-0.30144000244140623,-0.01455068829580164,1.1492234892103521,0.004666745833146408,0.1635161406136244
2024-04-15,112.83999633789062,5061.81982421875,0.009031516500927594,-0.14105198651158768,3.426833948650942,2.7326908986737926,-0.30144000244140623,-0.01202135494776202,1.1492234892103521,0.004666745833146408,0.1635161406136244
2024-04-16,115.88999938964844,5051.41015625,0.027029450112926456,-0.1559359299798302,3.5340376295416966,2.7326908986737926,-0.30144000244140623,-0.0020565070133361507,1.1492234892103521,0.004666745833146408,0.1635161406136244
2024-04-17,113.4800033569336,5022.2099609375,-0.020795547893756483,-0.18913893653815517,3.559260993960854,2.7326908986737926,-0.30144000244140623,-0.005780602724641426,1.1492234892103521,0.004666745833146408,0.1635161406136244
2024-04-18,109.31999969482422,5011.1201171875,-0.036658473202760944,-0.19016226945512482,3.346719735704422,2.7326908986737926,-0.30144000244140623,-0.002208160119998248,1.1492234892103521,0.004666745833146408,0.1635161406136244
2024-04-19,110.36000061035156,4967.22998046875,0.009513363688534504,-0.13632805083237898,3.473449544752916,2.7326908986737926,-0.30144000244140623,-0.00875854812743615,1.1492234892103521,0.004666745833146408,0.1635161406136244
2024-04-22,114.83999633789062,5010.60009765625,0.0405943793291248,-0.0320296954762912,3.7162215416342868,2.7326908986737926,-0.30144000244140623,0.008731248071466746,1.1492234892103521,0.004666745833146408,0.1635161406136244
2024-04-23,119.70999908447266,5070.5498046875,0.042406852158486164,0.027200945117917374,3.938531361997227,2.7326908986737926,-0.30144000244140623,0.011964576270872662,1.1492234892103521,0.004666745833146408,0.1635161406136244
2024-04-24,115.08999633789062,5071.6298828125,-0.03859329030085412,-0.045371610247790795,3.755784822707221,2.7326908986737926,-0.30144000244140623,0.0002130100613548791,1.1492234892103521,0.004666745833146408,0.1635161406136244
2024-04-25,115.44999694824219,5048.419921875,0.0031279921957303447,-0.08351198039626584,4.028310172116622,2.7326908986737926,-0.30144000244140623,-0.004576430353515626,1.1492234892103521,0.004666745833146408,0.1635161406136244
2024-04-26,122.08000183105469,5099.9599609375,0.05742750158568488,-0.02616463595506735,4.307826166567595,2.7326908986737926,-0.30144000244140623,0.01020914263474304,1.1492234892103521,0.004666745833146408,0.1635161406136244
2024-04-29,125.38999938964844,5116.169921875,0.027113347878012117,-0.003971721363286607,4.360838078736397,2.7326908986737926,-0.30144000244140623,0.0031784486665891176,1.1492234892103521,0.004666745833146408,0.1635161406136244
2024-04-30,121.5199966430664,5035.68994140625,-0.03086372729420017,-0.07109012506094414,4.1622766319822,2.7326908986737926,-0.30144000244140623,-0.01573051358686217,1.1492234892103521,0.004666745833146408,0.1635161406136244
2024-05-01,120.41000366210938,5018.39013671875,-0.00913424137277874,-0.08140065623967241,4.167811485186122,2.7326908986737926,-0.30144000244140623,-0.0034354388154940185,1.1492234892103521,0.004666745833146408,0.1635161406136244
2024-05-02,124.9000015258789,5064.2001953125,0.0372892428138214,-0.07508880527540118,4.416305482155165,2.7326908986737926,-0.30144000244140623,0.009128437077573048,1.1492234892103521,0.004666745833146408,0.1635161406136244
2024-05-03,128.75999450683594,5127.7900390625,0.030904667204165293,-0.06301851097001687,4.654808604227931,2.7326908986737926,-0.30144000244140623,0.012556739721478527,1.1492234892103521,0.004666745833146408,0.1635161406136244
2024-05-06,129.3800048828125,5180.740234375,0.0048152407768520256,-0.04141658359141487,4.926706611772072,2.7326908986737926,-0.30144000244140623,0.01032612390701182,1.1492234892103521,0.004666745833146408,0.1635161406136244
2024-05-07,128.4199981689453,5187.7001953125,-0.007420054704254553,0.05983329297316198,4.652288822626058,2.7326908986737926,-0.30144000244140623,0.0013434298232750663,1.1492234892103521,0.004666745833146408,0.1635161406136244
2024-05-08,128.60000610351562,5187.669921875,0.0014017126392846802,0.05435766841401923,4.521683170814242,2.7326908986737926,-0.30144000244140623,-5.835618166138978e-06,1.1492234892103521,0.004666745833146408,0.1635161406136244
2024-05-09,132.3300018310547,5214.080078125,0.0290046310303953,0.09039223109370531,4.645477765189603,2.7326908986737926,-0.30144000244140623,0.005090947698625836,1.1492234892103521,0.004666745833146408,0.1635161406136244
2024-05-10,129.7100067138672,5222.68017578125,-0.019798950207319144,0.03494777642081881,4.651851956507466,2.7326908986737926,-0.30144000244140623,0.001649398844549843,1.1492234892103521,0.004666745833146408,0.1635161406136244
2024-05-13,132.4199981689453,5221.419921875,0.020892693815491192,0.004399285855319679,4.673521735357095,2.7326908986737926,-0.30144000244140623,-0.00024130405535727206,1.1492234892103521,0.004666745833146408,0.1635161406136244
2024-05-14,136.30999755859375,5246.68017578125,0.029376222953012343,0.03736684847928862,4.689065224002025,2.7326908986737926,-0.30144000244140623,0.004837813139759728,1.1492234892103521,0.004666745833146408,0.1635161406136244
2024-05-15,137.67999267578125,5308.14990234375,0.010050584269129637,0.05316298611932213,4.631083369309022,2.7326908986737926,-0.30144000244140623,0.011715927882596233,1.1492234892103521,0.004666745833146408,0.1635161406136244
2024-05-16,135.69000244140625,5297.10009765625,-0.014453735765814324,0.10352963119484215,4.881664682979968,2.7326908986737926,-0.30144000244140623,-0.0020816677921287052,1.1492234892103521,0.004666745833146408,0.1635161406136244
2024-05-17,139.61000061035156,5303.27001953125,0.02888936619068927,0.15580759625944296,4.7618655900918,2.7326908986737926,-0.30144000244140623,0.0011647735102702228,1.1492234892103521,0.004666745833146408,0.1635161406136244
2024-05-20,144.83999633789062,5308.1298828125,0.037461469125953606,0.21286215507207795,5.002486588287519,2.7326908986737926,-0.30144000244140623,0.0009163899374069473,1.1492234892103521,0.004666745833146408,0.1635161406136244
2024-05-21,144.44000244140625,5321.41015625,-0.0027616259776149787,0.243885627152707,5.318460130574113,2.7326908986737926,-0.30144000244140623,0.002501874243978186,1.1492234892103521,0.004666745833146408,0.1635161406136244
2024-05-22,141.8800048828125,5307.009765625,-0.01772360506316273,0.2409691472975608,5.233743561336635,2.7326908986737926,-0.30144000244140623,-0.002706123039226127,1.1492234892103521,0.004666745833146408,0.1635161406136244
2024-05-23,145.8800048828125,5267.83984375,0.028192838048630264,0.2525114051160635,5.339852387298368,2.7326908986737926,-0.30144000244140623,-0.0073807894850155265,1.1492234892103521,0.004666745833146408,0.1635161406136244
2024-05-24,150.1699981689453,5304.72021484375,0.029407685375244075,0.34284177510622005,3.979111370314901,2.7326908986737926,-0.30144000244140623,0.0070010425881694704,1.1492234892103521,0.004666745833146408,0.1635161406136244
2024-05-28,152.38999938964844,5306.0400390625,0.014783253963988052,0.35049631633564027,4.335784392131118,2.7326908986737926,-0.30144000244140623,0.0002488018529340774,1.1492234892103521,0.004666745833146408,0.1635161406136244
2024-05-29,189.4499969482422,5266.9501953125,0.24319179543950553,0.6347398217793441,5.325542307921082,2.7326908986737926,-0.30144000244140623,-0.007367046509680453,1.1492234892103521,0.004666745833146408,0.1635161406136244
2024-05-30,178.47000122070312,5235.47998046875,-0.057957223037268246,0.5726999994823199,4.683758069709706,2.7326908986737926,-0.30144000244140623,-0.005975035585443322,1.1492234892103521,0.004666745833146408,0.1635161406136244
2024-05-31,172.8699951171875,5277.509765625,-0.03137785658773229,0.5813208525408737,4.571059983623725,2.7326908986737926,-0.30144000244140623,0.00802787620486467,1.1492234892103521,0.004666745833146408,0.1635161406136244
2024-06-03,175.66000366210938,5283.39990234375,0.01613934530992811,0.5916999156452776,4.795447270115874,2.7326908986737926,-0.30144000244140623,0.0011160825806737495,1.1492234892103521,0.004666745833146408,0.1635161406136244
2024-06-04,169.64999389648438,5291.33984375,-0.03421387703706047,0.4772727212331822,4.334905596436928,2.7326908986737926,-0.30144000244140623,0.0015028090913065117,1.1492234892103521,0.004666745833146408,0.1635161406136244
2024-06-05,172.6999969482422,5354.02978515625,0.017978209027339265,0.4426530638128019,4.465189710868284,2.7326908986737926,-0.30144000244140623,0.011847649793331305,1.1492234892103521,0.004666745833146408,0.1635161406136244
2024-06-06,175.72999572753906,5352.9599609375,0.017544868748347264,0.5268920090293214,4.369080298970638,2.7326908986737926,-0.30144000244140623,-0.00019981663563317653,1.1492234892103521,0.004666745833146408,0.1635161406136244
2024-06-07,175.19000244140625,5346.990234375,-0.003072857789002903,0.5174535043075517,4.1908148871527775,2.7326908986737926,-0.30144000244140623,-0.0011152197300303701,1.1492234892103521,0.004666745833146408,0.1635161406136244
2024-06-10,185.1300048828125,5360.7900390625,0.056738411455475424,0.5164646306199445,4.296995732232489,2.7326908986737926,-0.30144000244140623,0.0025808546645145203,1.1492234892103521,0.004666745833146408,0.1635161406136244
2024-06-11,185.7899932861328,5375.31982421875,0.0035649996538276163,0.48169705870076496,4.426109351010176,2.7326908986737926,-0.30144000244140623,0.0027103813151374556,1.1492234892103521,0.004666745833146408,0.1635161406136244
2024-06-12,192.33999633789062,5421.02978515625,0.03525487533481009,0.5827847403817799,4.592904906994152,2.7326908986737926,-0.30144000244140623,0.008503672791998707,1.1492234892103521,0.004666745833146408,0.1635161406136244
2024-06-13,190.82000732421875,5433.740234375,-0.00790261538219883,0.5847521096311203,4.453558107190698,2.7326908986737926,-0.30144000244140623,0.0023446558536817097,1.1492234892103521,0.004666745833146408,0.1635161406136244
2024-06-14,186.05999755859375,5431.60009765625,-0.024945024541044858,0.48967169964399626,4.227872907021176,2.7326908986737926,-0.30144000244140623,-0.000393860697500914,1.1492234892103521,0.004666745833146408,0.1635161406136244
2024-06-17,185.88999938964844,5473.22998046875,-0.0009136739287110007,0.4436937505443854,4.1294147566251675,2.7326908986737926,-0.30144000244140623,0.007664386564552705,1.1492234892103521,0.004666745833146408,0.1635161406136244
2024-06-18,185.27999877929688,5487.02978515625,-0.003281513864944019,0.43206053321080384,4.13525469446687,2.7326908986737926,-0.30144000244140623,0.0025213273947457537,1.1492234892103521,0.004666745833146408,0.1635161406136244
2024-06-20,175.55999755859375,5473.169921875,-0.0524611468304329,0.36707677979898845,3.844370569190911,2.7326908986737926,-0.30144000244140623,-0.0025259318472709014,1.1492234892103521,0.004666745833146408,0.1635161406136244
2024-06-21,174.5,5464.6201171875,-0.006037808004867196,0.35692061989124246,3.72899709442068,2.7326908986737926,-0.30144000244140623,-0.001562130321101196,1.1492234892103521,0.004666745833146408,0.1635161406136244
2024-06-24,169.91000366210938,5447.8701171875,-0.026303703942066603,0.2839870120989869,3.566245843661174,2.7326908986737926,-0.30144000244140623,-0.003065171894990004,1.1492234892103521,0.004666745833146408,0.1635161406136244
2024-06-25,173.24000549316406,5469.2998046875,0.01959862138357016,0.3355947615924617,3.6910372071912567,2.7326908986737926,-0.30144000244140623,0.003933590015736899,1.1492234892103521,0.004666745833146408,0.1635161406136244
2024-06-26,173.4199981689453,5477.89990234375,0.0010389787004962958,0.30962090746815285,3.6643355768021264,2.7326908986737926,-0.30144000244140623,0.0015724312002203256,1.1492234892103521,0.004666745833146408,0.1635161406136244
2024-06-27,172.52999877929688,5482.8701171875,-0.005132045894622794,0.26571786273515063,3.6044834042858183,2.7326908986737926,-0.30144000244140623,0.0009073212238914774,1.1492234892103521,0.004666745833146408,0.1635161406136244
2024-06-28,177.83999633789062,5460.47998046875,0.03077724219650868,0.29169091951276505,3.845776366235876,2.7326908986737926,-0.30144000244140623,-0.004083652583445674,1.1492234892103521,0.004666745833146408,0.1635161406136244
2024-07-01,184.58999633789062,5475.08984375,0.037955466368629454,0.3603802271106922,3.876882530499942,2.7326908986737926,-0.30144000244140623,0.0026755639309195,1.1492234892103521,0.004666745833146408,0.1635161406136244
2024-07-02,183.36000061035156,5509.009765625,-0.006663393206246981,0.31337296618245336,3.8662420150024506,2.7326908986737926,-0.30144000244140623,0.006195317856513505,1.1492234892103521,0.004666745833146408,0.1635161406136244
2024-07-03,179.75,5537.02001953125,-0.019688048638388578,0.2410246102234732,3.8203270471134028,2.7326908986737926,-0.30144000244140623,0.005084444409779065,1.1492234892103521,0.004666745833146408,0.1635161406136244
2024-07-05,171.5399932861328,5567.18994140625,-0.0456745853344489,0.18762109101818925,3.749169389778322,2.7326908986737926,-0.30144000244140623,0.005448765178485582,1.1492234892103521,0.004666745833146408,0.1635161406136244
2024-07-08,178.52999877929688,5572.85009765625,0.040748547083737874,0.2583168356017176,4.026182333290912,2.7326908986737926,-0.30144000244140623,0.0010166989647510949,1.1492234892103521,0.004666745833146408,0.1635161406136244
2024-07-09,179.24000549316406,5576.97998046875,0.003976960279627351,0.22868110428944766,4.043331482156899,2.7326908986737926,-0.30144000244140623,0.0007410719362856977,1.1492234892103521,0.004666745833146408,0.1635161406136244
2024-07-10,174.10000610351562,5633.91015625,-0.028676630395687353,0.15935278834889788,3.9292187884426335,2.7326908986737926,-0.30144000244140623,0.010208065293514812,1.1492234892103521,0.004666745833146408,0.1635161406136244
2024-07-11,173.7899932861328,5584.5400390625,-0.0017806594285728616,0.14042912252900797,3.854469189659187,2.7326908986737926,-0.30144000244140623,-0.008763028841120457,1.1492234892103521,0.004666745833146408,0.1635161406136244
